month,distinction,data_type,count
2007-01,ability,comments,197
2007-02,ability,comments,189
2007-03,ability,comments,261
2007-04,ability,comments,233
2007-05,ability,comments,401
2007-06,ability,comments,374
2007-07,ability,comments,376
2007-08,ability,comments,395
2007-09,ability,comments,410
2007-10,ability,comments,533
2007-11,ability,comments,598
2007-12,ability,comments,755
2008-01,ability,comments,631
2008-02,ability,comments,726
2008-03,ability,comments,763
2008-04,ability,comments,767
2008-05,ability,comments,947
2008-06,ability,comments,984
2008-07,ability,comments,1091
2008-08,ability,comments,1032
2008-09,ability,comments,1182
2008-10,ability,comments,1367
2008-11,ability,comments,1243
2008-12,ability,comments,1483
2009-01,ability,comments,1763
2009-02,ability,comments,1770
2009-03,ability,comments,2130
2009-04,ability,comments,2135
2009-05,ability,comments,2418
2009-06,ability,comments,2732
2009-07,ability,comments,2994
2009-08,ability,comments,4295
2009-09,ability,comments,4347
2009-10,ability,comments,5563
2009-11,ability,comments,4487
2009-12,ability,comments,4592
2010-01,ability,comments,5112
2010-02,ability,comments,5596
2010-03,ability,comments,6397
2010-04,ability,comments,6413
2010-05,ability,comments,6362
2010-06,ability,comments,6349
2010-07,ability,comments,8099
2010-08,ability,comments,8151
2010-09,ability,comments,8990
2010-10,ability,comments,9611
2010-11,ability,comments,10296
2010-12,ability,comments,10818
2011-01,ability,comments,12220
2011-02,ability,comments,11496
2011-03,ability,comments,13550
2011-04,ability,comments,13255
2011-05,ability,comments,15368
2011-06,ability,comments,16531
2011-07,ability,comments,16624
2011-08,ability,comments,18237
2011-09,ability,comments,18608
2011-10,ability,comments,21442
2011-11,ability,comments,21152
2011-12,ability,comments,21800
2012-01,ability,comments,25652
2012-02,ability,comments,25267
2012-03,ability,comments,28562
2012-04,ability,comments,31667
2012-05,ability,comments,33966
2012-06,ability,comments,33515
2012-07,ability,comments,52955
2012-08,ability,comments,56271
2012-09,ability,comments,45341
2012-10,ability,comments,37546
2012-11,ability,comments,36868
2012-12,ability,comments,38565
2013-01,ability,comments,43660
2013-02,ability,comments,40210
2013-03,ability,comments,46521
2013-04,ability,comments,48108
2013-05,ability,comments,49406
2013-06,ability,comments,45880
2013-07,ability,comments,52018
2013-08,ability,comments,51337
2013-09,ability,comments,47090
2013-10,ability,comments,51651
2013-11,ability,comments,48203
2013-12,ability,comments,53229
2014-01,ability,comments,57395
2014-02,ability,comments,50937
2014-03,ability,comments,59090
2014-04,ability,comments,57291
2014-05,ability,comments,59073
2014-06,ability,comments,55694
2014-07,ability,comments,60511
2014-08,ability,comments,59026
2014-09,ability,comments,57703
2014-10,ability,comments,59874
2014-11,ability,comments,56089
2014-12,ability,comments,58378
2015-01,ability,comments,68827
2015-02,ability,comments,66045
2015-03,ability,comments,71229
2015-04,ability,comments,72110
2015-05,ability,comments,72600
2015-06,ability,comments,69886
2015-07,ability,comments,77310
2015-08,ability,comments,73191
2015-09,ability,comments,73180
2015-10,ability,comments,73814
2015-11,ability,comments,68937
2015-12,ability,comments,73293
2016-01,ability,comments,77341
2016-02,ability,comments,74410
2016-03,ability,comments,80747
2016-04,ability,comments,77725
2016-05,ability,comments,83376
2016-06,ability,comments,78585
2016-07,ability,comments,78259
2016-08,ability,comments,87303
2016-09,ability,comments,83134
2016-10,ability,comments,80951
2016-11,ability,comments,78579
2016-12,ability,comments,87781
2017-01,ability,comments,107414
2017-02,ability,comments,87130
2017-03,ability,comments,98401
2017-04,ability,comments,92920
2017-05,ability,comments,106503
2017-06,ability,comments,100027
2017-07,ability,comments,107537
2017-08,ability,comments,105328
2017-09,ability,comments,105675
2017-10,ability,comments,98877
2017-11,ability,comments,98096
2017-12,ability,comments,104160
2018-01,ability,comments,109202
2018-02,ability,comments,108913
2018-03,ability,comments,117558
2018-04,ability,comments,124284
2018-05,ability,comments,127482
2018-06,ability,comments,125557
2018-07,ability,comments,129104
2018-08,ability,comments,129089
2018-09,ability,comments,123961
2018-10,ability,comments,134820
2018-11,ability,comments,133764
2018-12,ability,comments,143711
2019-01,ability,comments,159543
2019-02,ability,comments,149611
2019-03,ability,comments,171276
2019-04,ability,comments,164378
2019-05,ability,comments,168694
2019-06,ability,comments,160334
2019-07,ability,comments,170994
2019-08,ability,comments,168861
2019-09,ability,comments,164806
2019-10,ability,comments,167135
2019-11,ability,comments,160427
2019-12,ability,comments,169336
2020-01,ability,comments,179972
2020-02,ability,comments,187431
2020-03,ability,comments,189305
2020-04,ability,comments,184835
2020-05,ability,comments,204763
2020-06,ability,comments,203586
2020-07,ability,comments,225974
2020-08,ability,comments,222051
2020-09,ability,comments,202264
2020-10,ability,comments,204343
2020-11,ability,comments,191929
2020-12,ability,comments,210550
2021-01,ability,comments,213878
2021-02,ability,comments,201513
2021-03,ability,comments,224946
2021-04,ability,comments,219733
2021-05,ability,comments,221275
2021-06,ability,comments,216130
2021-07,ability,comments,224084
2021-08,ability,comments,248204
2021-09,ability,comments,235465
2021-10,ability,comments,240296
2021-11,ability,comments,240610
2021-12,ability,comments,257753
2022-01,ability,comments,287289
2022-02,ability,comments,241758
2022-03,ability,comments,272570
2022-04,ability,comments,221380
2022-05,ability,comments,214559
2022-06,ability,comments,207275
2022-07,ability,comments,222129
2022-08,ability,comments,224114
2022-09,ability,comments,208978
2022-10,ability,comments,213029
2022-11,ability,comments,210981
2022-12,ability,comments,210724
2023-01,ability,comments,236706
2023-02,ability,comments,229331
2023-03,ability,comments,226902
2023-04,ability,comments,215870
2023-05,ability,comments,228352
2023-06,ability,comments,245466
2023-07,ability,comments,270187
2023-08,ability,comments,282312
2023-09,ability,comments,275055
2023-10,ability,comments,282784
2023-11,ability,comments,262680
2023-12,ability,comments,266417
2007-01,ability,submissions,18
2007-02,ability,submissions,47
2007-03,ability,submissions,44
2007-04,ability,submissions,32
2007-05,ability,submissions,49
2007-06,ability,submissions,45
2007-07,ability,submissions,61
2007-08,ability,submissions,49
2007-09,ability,submissions,43
2007-10,ability,submissions,84
2007-11,ability,submissions,64
2007-12,ability,submissions,85
2008-01,ability,submissions,106
2008-02,ability,submissions,98
2008-03,ability,submissions,104
2008-04,ability,submissions,135
2008-05,ability,submissions,182
2008-06,ability,submissions,127
2008-07,ability,submissions,158
2008-08,ability,submissions,160
2008-09,ability,submissions,189
2008-10,ability,submissions,183
2008-11,ability,submissions,162
2008-12,ability,submissions,211
2009-01,ability,submissions,181
2009-02,ability,submissions,195
2009-03,ability,submissions,266
2009-04,ability,submissions,298
2009-05,ability,submissions,261
2009-06,ability,submissions,308
2009-07,ability,submissions,403
2009-08,ability,submissions,501
2009-09,ability,submissions,532
2009-10,ability,submissions,548
2009-11,ability,submissions,455
2009-12,ability,submissions,509
2010-01,ability,submissions,520
2010-02,ability,submissions,516
2010-03,ability,submissions,701
2010-04,ability,submissions,716
2010-05,ability,submissions,591
2010-06,ability,submissions,596
2010-07,ability,submissions,694
2010-08,ability,submissions,730
2010-09,ability,submissions,970
2010-10,ability,submissions,1014
2010-11,ability,submissions,1138
2010-12,ability,submissions,1114
2011-01,ability,submissions,1875
2011-02,ability,submissions,1744
2011-03,ability,submissions,2080
2011-04,ability,submissions,1940
2011-05,ability,submissions,2194
2011-06,ability,submissions,2355
2011-07,ability,submissions,2443
2011-08,ability,submissions,2938
2011-09,ability,submissions,3007
2011-10,ability,submissions,3356
2011-11,ability,submissions,3550
2011-12,ability,submissions,3604
2012-01,ability,submissions,4183
2012-02,ability,submissions,4288
2012-03,ability,submissions,4687
2012-04,ability,submissions,5076
2012-05,ability,submissions,5718
2012-06,ability,submissions,5698
2012-07,ability,submissions,6072
2012-08,ability,submissions,6584
2012-09,ability,submissions,6000
2012-10,ability,submissions,5985
2012-11,ability,submissions,5660
2012-12,ability,submissions,5885
2013-01,ability,submissions,6783
2013-02,ability,submissions,6128
2013-03,ability,submissions,6857
2013-04,ability,submissions,7669
2013-05,ability,submissions,7278
2013-06,ability,submissions,6887
2013-07,ability,submissions,7627
2013-08,ability,submissions,7558
2013-09,ability,submissions,7052
2013-10,ability,submissions,7548
2013-11,ability,submissions,7488
2013-12,ability,submissions,8174
2014-01,ability,submissions,9139
2014-02,ability,submissions,8488
2014-03,ability,submissions,9222
2014-04,ability,submissions,9343
2014-05,ability,submissions,9454
2014-06,ability,submissions,9401
2014-07,ability,submissions,10646
2014-08,ability,submissions,10512
2014-09,ability,submissions,10067
2014-10,ability,submissions,10824
2014-11,ability,submissions,10601
2014-12,ability,submissions,11596
2015-01,ability,submissions,13167
2015-02,ability,submissions,11528
2015-03,ability,submissions,13493
2015-04,ability,submissions,13248
2015-05,ability,submissions,15572
2015-06,ability,submissions,28256
2015-07,ability,submissions,14058
2015-08,ability,submissions,13247
2015-09,ability,submissions,11638
2015-10,ability,submissions,11907
2015-11,ability,submissions,11762
2015-12,ability,submissions,11863
2016-01,ability,submissions,12512
2016-02,ability,submissions,12290
2016-03,ability,submissions,12867
2016-04,ability,submissions,12912
2016-05,ability,submissions,13250
2016-06,ability,submissions,13012
2016-07,ability,submissions,13072
2016-08,ability,submissions,14962
2016-09,ability,submissions,14677
2016-10,ability,submissions,14314
2016-11,ability,submissions,13707
2016-12,ability,submissions,15526
2017-01,ability,submissions,16863
2017-02,ability,submissions,14668
2017-03,ability,submissions,16633
2017-04,ability,submissions,15905
2017-05,ability,submissions,17330
2017-06,ability,submissions,16042
2017-07,ability,submissions,17135
2017-08,ability,submissions,17773
2017-09,ability,submissions,17755
2017-10,ability,submissions,17873
2017-11,ability,submissions,17106
2017-12,ability,submissions,17874
2018-01,ability,submissions,18850
2018-02,ability,submissions,17728
2018-03,ability,submissions,20466
2018-04,ability,submissions,19828
2018-05,ability,submissions,20964
2018-06,ability,submissions,20407
2018-07,ability,submissions,22664
2018-08,ability,submissions,23225
2018-09,ability,submissions,23040
2018-10,ability,submissions,24281
2018-11,ability,submissions,23595
2018-12,ability,submissions,25655
2019-01,ability,submissions,28800
2019-02,ability,submissions,29206
2019-03,ability,submissions,33815
2019-04,ability,submissions,32118
2019-05,ability,submissions,34787
2019-06,ability,submissions,45291
2019-07,ability,submissions,36848
2019-08,ability,submissions,38914
2019-09,ability,submissions,34056
2019-10,ability,submissions,35813
2019-11,ability,submissions,35485
2019-12,ability,submissions,34363
2020-01,ability,submissions,36569
2020-02,ability,submissions,36657
2020-03,ability,submissions,41137
2020-04,ability,submissions,40872
2020-05,ability,submissions,36822
2020-06,ability,submissions,34606
2020-07,ability,submissions,37965
2020-08,ability,submissions,37754
2020-09,ability,submissions,35794
2020-10,ability,submissions,36403
2020-11,ability,submissions,34234
2020-12,ability,submissions,36765
2021-01,ability,submissions,38990
2021-02,ability,submissions,41640
2021-03,ability,submissions,41521
2021-04,ability,submissions,40698
2021-05,ability,submissions,42405
2021-06,ability,submissions,42399
2021-07,ability,submissions,34843
2021-08,ability,submissions,35122
2021-09,ability,submissions,33143
2021-10,ability,submissions,35176
2021-11,ability,submissions,34519
2021-12,ability,submissions,35520
2022-01,ability,submissions,39516
2022-02,ability,submissions,37348
2022-03,ability,submissions,43304
2022-04,ability,submissions,42046
2022-05,ability,submissions,44220
2022-06,ability,submissions,42487
2022-07,ability,submissions,45924
2022-08,ability,submissions,47078
2022-09,ability,submissions,44828
2022-10,ability,submissions,47732
2022-11,ability,submissions,42458
2022-12,ability,submissions,44253
2023-01,ability,submissions,47440
2023-02,ability,submissions,42906
2023-03,ability,submissions,49094
2023-04,ability,submissions,47533
2023-05,ability,submissions,49395
2023-06,ability,submissions,58711
2023-07,ability,submissions,70387
2023-08,ability,submissions,73693
2023-09,ability,submissions,70107
2023-10,ability,submissions,68456
2023-11,ability,submissions,67127
2023-12,ability,submissions,69727
2007-01,age,comments,1971
2007-02,age,comments,2272
2007-03,age,comments,2337
2007-04,age,comments,2781
2007-05,age,comments,3810
2007-06,age,comments,4562
2007-07,age,comments,4311
2007-08,age,comments,5283
2007-09,age,comments,5406
2007-10,age,comments,6789
2007-11,age,comments,6499
2007-12,age,comments,7534
2008-01,age,comments,7862
2008-02,age,comments,8384
2008-03,age,comments,8626
2008-04,age,comments,9967
2008-05,age,comments,10895
2008-06,age,comments,11336
2008-07,age,comments,10708
2008-08,age,comments,12158
2008-09,age,comments,12757
2008-10,age,comments,14408
2008-11,age,comments,16179
2008-12,age,comments,16871
2009-01,age,comments,21575
2009-02,age,comments,18857
2009-03,age,comments,20424
2009-04,age,comments,21094
2009-05,age,comments,25672
2009-06,age,comments,26541
2009-07,age,comments,30566
2009-08,age,comments,37650
2009-09,age,comments,44152
2009-10,age,comments,50787
2009-11,age,comments,47619
2009-12,age,comments,52818
2010-01,age,comments,58322
2010-02,age,comments,57840
2010-03,age,comments,66843
2010-04,age,comments,65268
2010-05,age,comments,67336
2010-06,age,comments,68946
2010-07,age,comments,81583
2010-08,age,comments,85492
2010-09,age,comments,90733
2010-10,age,comments,101419
2010-11,age,comments,113672
2010-12,age,comments,113576
2011-01,age,comments,126162
2011-02,age,comments,121176
2011-03,age,comments,145520
2011-04,age,comments,138593
2011-05,age,comments,163108
2011-06,age,comments,182130
2011-07,age,comments,193509
2011-08,age,comments,219095
2011-09,age,comments,206684
2011-10,age,comments,231592
2011-11,age,comments,235160
2011-12,age,comments,246411
2012-01,age,comments,278048
2012-02,age,comments,287815
2012-03,age,comments,315675
2012-04,age,comments,339136
2012-05,age,comments,367392
2012-06,age,comments,390536
2012-07,age,comments,421428
2012-08,age,comments,451686
2012-09,age,comments,391096
2012-10,age,comments,404738
2012-11,age,comments,416809
2012-12,age,comments,455811
2013-01,age,comments,507378
2013-02,age,comments,443760
2013-03,age,comments,501935
2013-04,age,comments,523427
2013-05,age,comments,566400
2013-06,age,comments,532574
2013-07,age,comments,581925
2013-08,age,comments,582790
2013-09,age,comments,525642
2013-10,age,comments,560678
2013-11,age,comments,563703
2013-12,age,comments,585168
2014-01,age,comments,634532
2014-02,age,comments,564778
2014-03,age,comments,631049
2014-04,age,comments,642454
2014-05,age,comments,634228
2014-06,age,comments,634703
2014-07,age,comments,706915
2014-08,age,comments,694333
2014-09,age,comments,636804
2014-10,age,comments,658568
2014-11,age,comments,634531
2014-12,age,comments,698326
2015-01,age,comments,759174
2015-02,age,comments,705204
2015-03,age,comments,764505
2015-04,age,comments,768983
2015-05,age,comments,791713
2015-06,age,comments,771096
2015-07,age,comments,825799
2015-08,age,comments,820402
2015-09,age,comments,785500
2015-10,age,comments,809549
2015-11,age,comments,777251
2015-12,age,comments,826058
2016-01,age,comments,876273
2016-02,age,comments,832798
2016-03,age,comments,883854
2016-04,age,comments,853101
2016-05,age,comments,885511
2016-06,age,comments,884927
2016-07,age,comments,921669
2016-08,age,comments,975735
2016-09,age,comments,931721
2016-10,age,comments,954078
2016-11,age,comments,947126
2016-12,age,comments,1022564
2017-01,age,comments,1122437
2017-02,age,comments,1015736
2017-03,age,comments,1127915
2017-04,age,comments,1049789
2017-05,age,comments,1116041
2017-06,age,comments,1101382
2017-07,age,comments,1147257
2017-08,age,comments,1124626
2017-09,age,comments,1143398
2017-10,age,comments,1121352
2017-11,age,comments,1163586
2017-12,age,comments,1167777
2018-01,age,comments,1273832
2018-02,age,comments,1288669
2018-03,age,comments,1385300
2018-04,age,comments,1342277
2018-05,age,comments,1446447
2018-06,age,comments,1535740
2018-07,age,comments,1541259
2018-08,age,comments,1513798
2018-09,age,comments,1397163
2018-10,age,comments,1513028
2018-11,age,comments,1503044
2018-12,age,comments,1604903
2019-01,age,comments,1866317
2019-02,age,comments,1725235
2019-03,age,comments,1929920
2019-04,age,comments,1849640
2019-05,age,comments,2052447
2019-06,age,comments,1918289
2019-07,age,comments,2101144
2019-08,age,comments,2065201
2019-09,age,comments,1907755
2019-10,age,comments,1948335
2019-11,age,comments,1978020
2019-12,age,comments,2056651
2020-01,age,comments,2108653
2020-02,age,comments,2028407
2020-03,age,comments,2232697
2020-04,age,comments,2191598
2020-05,age,comments,2472574
2020-06,age,comments,2413085
2020-07,age,comments,2696456
2020-08,age,comments,2653856
2020-09,age,comments,2396076
2020-10,age,comments,2445087
2020-11,age,comments,2307991
2020-12,age,comments,2476774
2021-01,age,comments,2576172
2021-02,age,comments,2404042
2021-03,age,comments,2683023
2021-04,age,comments,2642428
2021-05,age,comments,2781165
2021-06,age,comments,2678959
2021-07,age,comments,2825123
2021-08,age,comments,3095274
2021-09,age,comments,3070920
2021-10,age,comments,3103098
2021-11,age,comments,3123959
2021-12,age,comments,3348712
2022-01,age,comments,3708448
2022-02,age,comments,3138345
2022-03,age,comments,3495352
2022-04,age,comments,3456913
2022-05,age,comments,3783232
2022-06,age,comments,3588759
2022-07,age,comments,3893744
2022-08,age,comments,3755208
2022-09,age,comments,3505830
2022-10,age,comments,3571710
2022-11,age,comments,3477686
2022-12,age,comments,3678926
2023-01,age,comments,3919319
2023-02,age,comments,3393700
2023-03,age,comments,3852678
2023-04,age,comments,3619113
2023-05,age,comments,3770252
2023-06,age,comments,3736722
2023-07,age,comments,4036913
2023-08,age,comments,4374759
2023-09,age,comments,4464629
2023-10,age,comments,4455367
2023-11,age,comments,4187225
2023-12,age,comments,4155029
2007-01,age,submissions,150
2007-02,age,submissions,187
2007-03,age,submissions,205
2007-04,age,submissions,186
2007-05,age,submissions,290
2007-06,age,submissions,316
2007-07,age,submissions,380
2007-08,age,submissions,400
2007-09,age,submissions,467
2007-10,age,submissions,528
2007-11,age,submissions,519
2007-12,age,submissions,592
2008-01,age,submissions,614
2008-02,age,submissions,637
2008-03,age,submissions,756
2008-04,age,submissions,839
2008-05,age,submissions,873
2008-06,age,submissions,963
2008-07,age,submissions,1014
2008-08,age,submissions,1008
2008-09,age,submissions,1143
2008-10,age,submissions,1234
2008-11,age,submissions,1399
2008-12,age,submissions,1391
2009-01,age,submissions,1762
2009-02,age,submissions,1715
2009-03,age,submissions,1816
2009-04,age,submissions,1706
2009-05,age,submissions,1849
2009-06,age,submissions,2140
2009-07,age,submissions,2791
2009-08,age,submissions,3603
2009-09,age,submissions,3846
2009-10,age,submissions,3883
2009-11,age,submissions,3501
2009-12,age,submissions,3991
2010-01,age,submissions,4373
2010-02,age,submissions,4276
2010-03,age,submissions,5167
2010-04,age,submissions,4865
2010-05,age,submissions,4840
2010-06,age,submissions,4660
2010-07,age,submissions,5362
2010-08,age,submissions,5840
2010-09,age,submissions,6627
2010-10,age,submissions,7627
2010-11,age,submissions,8576
2010-12,age,submissions,9436
2011-01,age,submissions,13233
2011-02,age,submissions,12812
2011-03,age,submissions,15329
2011-04,age,submissions,14507
2011-05,age,submissions,15959
2011-06,age,submissions,17638
2011-07,age,submissions,19656
2011-08,age,submissions,22914
2011-09,age,submissions,21663
2011-10,age,submissions,25696
2011-11,age,submissions,25792
2011-12,age,submissions,27962
2012-01,age,submissions,29786
2012-02,age,submissions,31418
2012-03,age,submissions,35008
2012-04,age,submissions,37416
2012-05,age,submissions,43732
2012-06,age,submissions,44970
2012-07,age,submissions,45131
2012-08,age,submissions,49524
2012-09,age,submissions,43518
2012-10,age,submissions,45559
2012-11,age,submissions,45679
2012-12,age,submissions,49491
2013-01,age,submissions,51202
2013-02,age,submissions,46552
2013-03,age,submissions,53938
2013-04,age,submissions,55366
2013-05,age,submissions,58875
2013-06,age,submissions,55573
2013-07,age,submissions,59462
2013-08,age,submissions,60193
2013-09,age,submissions,53718
2013-10,age,submissions,57905
2013-11,age,submissions,59329
2013-12,age,submissions,64061
2014-01,age,submissions,69663
2014-02,age,submissions,65716
2014-03,age,submissions,69764
2014-04,age,submissions,70875
2014-05,age,submissions,72058
2014-06,age,submissions,71679
2014-07,age,submissions,83124
2014-08,age,submissions,83029
2014-09,age,submissions,77705
2014-10,age,submissions,81458
2014-11,age,submissions,80061
2014-12,age,submissions,89178
2015-01,age,submissions,92958
2015-02,age,submissions,85443
2015-03,age,submissions,96619
2015-04,age,submissions,96292
2015-05,age,submissions,101467
2015-06,age,submissions,110284
2015-07,age,submissions,106363
2015-08,age,submissions,103735
2015-09,age,submissions,82046
2015-10,age,submissions,86945
2015-11,age,submissions,86206
2015-12,age,submissions,89451
2016-01,age,submissions,93509
2016-02,age,submissions,88279
2016-03,age,submissions,91354
2016-04,age,submissions,92550
2016-05,age,submissions,97321
2016-06,age,submissions,97079
2016-07,age,submissions,102916
2016-08,age,submissions,112151
2016-09,age,submissions,104461
2016-10,age,submissions,107435
2016-11,age,submissions,108634
2016-12,age,submissions,118366
2017-01,age,submissions,117826
2017-02,age,submissions,109994
2017-03,age,submissions,124665
2017-04,age,submissions,119110
2017-05,age,submissions,127024
2017-06,age,submissions,129092
2017-07,age,submissions,135337
2017-08,age,submissions,137621
2017-09,age,submissions,131032
2017-10,age,submissions,133092
2017-11,age,submissions,137591
2017-12,age,submissions,143393
2018-01,age,submissions,149043
2018-02,age,submissions,145127
2018-03,age,submissions,163464
2018-04,age,submissions,155006
2018-05,age,submissions,163543
2018-06,age,submissions,171035
2018-07,age,submissions,178048
2018-08,age,submissions,184300
2018-09,age,submissions,168459
2018-10,age,submissions,182021
2018-11,age,submissions,178272
2018-12,age,submissions,199072
2019-01,age,submissions,223043
2019-02,age,submissions,220526
2019-03,age,submissions,243609
2019-04,age,submissions,238657
2019-05,age,submissions,289708
2019-06,age,submissions,250302
2019-07,age,submissions,290040
2019-08,age,submissions,318430
2019-09,age,submissions,260764
2019-10,age,submissions,271213
2019-11,age,submissions,277271
2019-12,age,submissions,284686
2020-01,age,submissions,284233
2020-02,age,submissions,267625
2020-03,age,submissions,309695
2020-04,age,submissions,335583
2020-05,age,submissions,295827
2020-06,age,submissions,285844
2020-07,age,submissions,302891
2020-08,age,submissions,312463
2020-09,age,submissions,287828
2020-10,age,submissions,291241
2020-11,age,submissions,281172
2020-12,age,submissions,302565
2021-01,age,submissions,318179
2021-02,age,submissions,315208
2021-03,age,submissions,340374
2021-04,age,submissions,330811
2021-05,age,submissions,360514
2021-06,age,submissions,339151
2021-07,age,submissions,275351
2021-08,age,submissions,282332
2021-09,age,submissions,251472
2021-10,age,submissions,252170
2021-11,age,submissions,264682
2021-12,age,submissions,283802
2022-01,age,submissions,315217
2022-02,age,submissions,290222
2022-03,age,submissions,353003
2022-04,age,submissions,332248
2022-05,age,submissions,367032
2022-06,age,submissions,351769
2022-07,age,submissions,371281
2022-08,age,submissions,389881
2022-09,age,submissions,348260
2022-10,age,submissions,364491
2022-11,age,submissions,327526
2022-12,age,submissions,362950
2023-01,age,submissions,361412
2023-02,age,submissions,324141
2023-03,age,submissions,367346
2023-04,age,submissions,550924
2023-05,age,submissions,370303
2023-06,age,submissions,471978
2023-07,age,submissions,620293
2023-08,age,submissions,744048
2023-09,age,submissions,840756
2023-10,age,submissions,702887
2023-11,age,submissions,568990
2023-12,age,submissions,595452
2007-01,race,comments,772
2007-02,race,comments,832
2007-03,race,comments,733
2007-04,race,comments,962
2007-05,race,comments,1262
2007-06,race,comments,1537
2007-07,race,comments,1325
2007-08,race,comments,1717
2007-09,race,comments,1843
2007-10,race,comments,2616
2007-11,race,comments,2557
2007-12,race,comments,3190
2008-01,race,comments,4002
2008-02,race,comments,4145
2008-03,race,comments,4582
2008-04,race,comments,4464
2008-05,race,comments,5482
2008-06,race,comments,4553
2008-07,race,comments,3837
2008-08,race,comments,4525
2008-09,race,comments,4335
2008-10,race,comments,6885
2008-11,race,comments,7660
2008-12,race,comments,5367
2009-01,race,comments,7867
2009-02,race,comments,5807
2009-03,race,comments,5379
2009-04,race,comments,6726
2009-05,race,comments,7889
2009-06,race,comments,7793
2009-07,race,comments,11286
2009-08,race,comments,10640
2009-09,race,comments,14334
2009-10,race,comments,14751
2009-11,race,comments,14044
2009-12,race,comments,14931
2010-01,race,comments,15582
2010-02,race,comments,18116
2010-03,race,comments,20053
2010-04,race,comments,19644
2010-05,race,comments,20104
2010-06,race,comments,22808
2010-07,race,comments,24895
2010-08,race,comments,27459
2010-09,race,comments,25108
2010-10,race,comments,29449
2010-11,race,comments,30081
2010-12,race,comments,27754
2011-01,race,comments,36856
2011-02,race,comments,32467
2011-03,race,comments,40887
2011-04,race,comments,38786
2011-05,race,comments,46004
2011-06,race,comments,53774
2011-07,race,comments,54513
2011-08,race,comments,63968
2011-09,race,comments,58534
2011-10,race,comments,63669
2011-11,race,comments,60758
2011-12,race,comments,75490
2012-01,race,comments,85667
2012-02,race,comments,82967
2012-03,race,comments,102785
2012-04,race,comments,105214
2012-05,race,comments,107708
2012-06,race,comments,106094
2012-07,race,comments,122947
2012-08,race,comments,129016
2012-09,race,comments,111157
2012-10,race,comments,128873
2012-11,race,comments,126775
2012-12,race,comments,123180
2013-01,race,comments,149915
2013-02,race,comments,137360
2013-03,race,comments,150412
2013-04,race,comments,166823
2013-05,race,comments,165921
2013-06,race,comments,152455
2013-07,race,comments,210162
2013-08,race,comments,179441
2013-09,race,comments,144516
2013-10,race,comments,157463
2013-11,race,comments,159816
2013-12,race,comments,176480
2014-01,race,comments,170940
2014-02,race,comments,165499
2014-03,race,comments,171675
2014-04,race,comments,189427
2014-05,race,comments,179939
2014-06,race,comments,174238
2014-07,race,comments,208858
2014-08,race,comments,225133
2014-09,race,comments,195223
2014-10,race,comments,201666
2014-11,race,comments,224716
2014-12,race,comments,234334
2015-01,race,comments,233251
2015-02,race,comments,213213
2015-03,race,comments,246532
2015-04,race,comments,280616
2015-05,race,comments,252464
2015-06,race,comments,292183
2015-07,race,comments,290264
2015-08,race,comments,304744
2015-09,race,comments,237858
2015-10,race,comments,244799
2015-11,race,comments,282356
2015-12,race,comments,274986
2016-01,race,comments,305871
2016-02,race,comments,312740
2016-03,race,comments,348082
2016-04,race,comments,299279
2016-05,race,comments,287411
2016-06,race,comments,317944
2016-07,race,comments,448099
2016-08,race,comments,379807
2016-09,race,comments,370614
2016-10,race,comments,339078
2016-11,race,comments,480413
2016-12,race,comments,383374
2017-01,race,comments,444549
2017-02,race,comments,411870
2017-03,race,comments,400135
2017-04,race,comments,368645
2017-05,race,comments,412076
2017-06,race,comments,422268
2017-07,race,comments,416135
2017-08,race,comments,648108
2017-09,race,comments,498484
2017-10,race,comments,454027
2017-11,race,comments,402874
2017-12,race,comments,406442
2018-01,race,comments,450127
2018-02,race,comments,455630
2018-03,race,comments,488091
2018-04,race,comments,493804
2018-05,race,comments,565033
2018-06,race,comments,516883
2018-07,race,comments,545480
2018-08,race,comments,590748
2018-09,race,comments,516216
2018-10,race,comments,568066
2018-11,race,comments,521671
2018-12,race,comments,495386
2019-01,race,comments,607259
2019-02,race,comments,597758
2019-03,race,comments,677768
2019-04,race,comments,644105
2019-05,race,comments,583649
2019-06,race,comments,581023
2019-07,race,comments,697605
2019-08,race,comments,700373
2019-09,race,comments,561684
2019-10,race,comments,571257
2019-11,race,comments,541772
2019-12,race,comments,580503
2020-01,race,comments,575111
2020-02,race,comments,615458
2020-03,race,comments,521945
2020-04,race,comments,557420
2020-05,race,comments,1012869
2020-06,race,comments,1930195
2020-07,race,comments,1171575
2020-08,race,comments,1043401
2020-09,race,comments,882166
2020-10,race,comments,859719
2020-11,race,comments,760673
2020-12,race,comments,699551
2021-01,race,comments,871913
2021-02,race,comments,754638
2021-03,race,comments,857583
2021-04,race,comments,863314
2021-05,race,comments,859979
2021-06,race,comments,832605
2021-07,race,comments,809971
2021-08,race,comments,783575
2021-09,race,comments,802379
2021-10,race,comments,834913
2021-11,race,comments,915713
2021-12,race,comments,849110
2022-01,race,comments,951211
2022-02,race,comments,898283
2022-03,race,comments,835655
2022-04,race,comments,808833
2022-05,race,comments,909672
2022-06,race,comments,817933
2022-07,race,comments,890362
2022-08,race,comments,870037
2022-09,race,comments,871884
2022-10,race,comments,828971
2022-11,race,comments,790535
2022-12,race,comments,806555
2023-01,race,comments,840456
2023-02,race,comments,758044
2023-03,race,comments,796943
2023-04,race,comments,742195
2023-05,race,comments,830022
2023-06,race,comments,794388
2023-07,race,comments,836771
2023-08,race,comments,860400
2023-09,race,comments,870109
2023-10,race,comments,1023762
2023-11,race,comments,989466
2023-12,race,comments,986475
2007-01,race,submissions,128
2007-02,race,submissions,141
2007-03,race,submissions,193
2007-04,race,submissions,200
2007-05,race,submissions,177
2007-06,race,submissions,224
2007-07,race,submissions,230
2007-08,race,submissions,277
2007-09,race,submissions,356
2007-10,race,submissions,376
2007-11,race,submissions,359
2007-12,race,submissions,429
2008-01,race,submissions,587
2008-02,race,submissions,709
2008-03,race,submissions,882
2008-04,race,submissions,698
2008-05,race,submissions,805
2008-06,race,submissions,826
2008-07,race,submissions,877
2008-08,race,submissions,868
2008-09,race,submissions,1011
2008-10,race,submissions,1478
2008-11,race,submissions,1467
2008-12,race,submissions,1061
2009-01,race,submissions,1447
2009-02,race,submissions,1220
2009-03,race,submissions,1079
2009-04,race,submissions,1151
2009-05,race,submissions,1382
2009-06,race,submissions,1636
2009-07,race,submissions,2011
2009-08,race,submissions,1868
2009-09,race,submissions,1947
2009-10,race,submissions,1875
2009-11,race,submissions,1552
2009-12,race,submissions,1686
2010-01,race,submissions,1871
2010-02,race,submissions,2124
2010-03,race,submissions,2379
2010-04,race,submissions,2326
2010-05,race,submissions,2302
2010-06,race,submissions,2317
2010-07,race,submissions,2294
2010-08,race,submissions,2393
2010-09,race,submissions,2471
2010-10,race,submissions,2859
2010-11,race,submissions,2867
2010-12,race,submissions,2829
2011-01,race,submissions,3489
2011-02,race,submissions,3867
2011-03,race,submissions,4682
2011-04,race,submissions,4290
2011-05,race,submissions,4484
2011-06,race,submissions,5006
2011-07,race,submissions,5434
2011-08,race,submissions,6589
2011-09,race,submissions,5885
2011-10,race,submissions,6901
2011-11,race,submissions,6952
2011-12,race,submissions,8762
2012-01,race,submissions,10221
2012-02,race,submissions,10062
2012-03,race,submissions,10297
2012-04,race,submissions,10177
2012-05,race,submissions,10645
2012-06,race,submissions,10185
2012-07,race,submissions,11759
2012-08,race,submissions,12976
2012-09,race,submissions,12062
2012-10,race,submissions,12247
2012-11,race,submissions,13397
2012-12,race,submissions,11590
2013-01,race,submissions,13966
2013-02,race,submissions,13834
2013-03,race,submissions,14896
2013-04,race,submissions,14770
2013-05,race,submissions,15213
2013-06,race,submissions,14232
2013-07,race,submissions,18090
2013-08,race,submissions,16054
2013-09,race,submissions,14182
2013-10,race,submissions,15323
2013-11,race,submissions,15940
2013-12,race,submissions,16963
2014-01,race,submissions,17187
2014-02,race,submissions,16205
2014-03,race,submissions,16503
2014-04,race,submissions,17774
2014-05,race,submissions,18119
2014-06,race,submissions,17402
2014-07,race,submissions,20571
2014-08,race,submissions,22897
2014-09,race,submissions,20961
2014-10,race,submissions,23712
2014-11,race,submissions,22895
2014-12,race,submissions,24516
2015-01,race,submissions,25529
2015-02,race,submissions,23785
2015-03,race,submissions,26645
2015-04,race,submissions,28992
2015-05,race,submissions,29136
2015-06,race,submissions,31337
2015-07,race,submissions,30915
2015-08,race,submissions,32965
2015-09,race,submissions,25277
2015-10,race,submissions,26312
2015-11,race,submissions,29476
2015-12,race,submissions,28146
2016-01,race,submissions,30578
2016-02,race,submissions,36463
2016-03,race,submissions,34101
2016-04,race,submissions,31505
2016-05,race,submissions,32708
2016-06,race,submissions,33290
2016-07,race,submissions,46714
2016-08,race,submissions,42695
2016-09,race,submissions,41294
2016-10,race,submissions,39966
2016-11,race,submissions,51009
2016-12,race,submissions,42541
2017-01,race,submissions,48871
2017-02,race,submissions,47540
2017-03,race,submissions,47470
2017-04,race,submissions,45243
2017-05,race,submissions,50521
2017-06,race,submissions,50763
2017-07,race,submissions,50952
2017-08,race,submissions,78685
2017-09,race,submissions,54991
2017-10,race,submissions,53765
2017-11,race,submissions,51084
2017-12,race,submissions,50551
2018-01,race,submissions,56247
2018-02,race,submissions,57690
2018-03,race,submissions,61652
2018-04,race,submissions,58750
2018-05,race,submissions,63980
2018-06,race,submissions,58820
2018-07,race,submissions,63360
2018-08,race,submissions,80460
2018-09,race,submissions,62570
2018-10,race,submissions,71685
2018-11,race,submissions,65355
2018-12,race,submissions,64289
2019-01,race,submissions,77609
2019-02,race,submissions,82431
2019-03,race,submissions,89168
2019-04,race,submissions,90790
2019-05,race,submissions,85787
2019-06,race,submissions,84597
2019-07,race,submissions,106957
2019-08,race,submissions,117868
2019-09,race,submissions,95510
2019-10,race,submissions,102602
2019-11,race,submissions,108040
2019-12,race,submissions,103308
2020-01,race,submissions,97771
2020-02,race,submissions,101467
2020-03,race,submissions,96962
2020-04,race,submissions,105670
2020-05,race,submissions,116921
2020-06,race,submissions,239848
2020-07,race,submissions,146283
2020-08,race,submissions,140489
2020-09,race,submissions,123444
2020-10,race,submissions,129705
2020-11,race,submissions,110427
2020-12,race,submissions,115175
2021-01,race,submissions,131082
2021-02,race,submissions,130529
2021-03,race,submissions,130673
2021-04,race,submissions,131724
2021-05,race,submissions,136861
2021-06,race,submissions,138950
2021-07,race,submissions,102460
2021-08,race,submissions,98348
2021-09,race,submissions,79661
2021-10,race,submissions,81531
2021-11,race,submissions,92428
2021-12,race,submissions,94360
2022-01,race,submissions,103983
2022-02,race,submissions,111099
2022-03,race,submissions,125765
2022-04,race,submissions,131621
2022-05,race,submissions,145650
2022-06,race,submissions,144476
2022-07,race,submissions,149935
2022-08,race,submissions,146161
2022-09,race,submissions,135032
2022-10,race,submissions,140604
2022-11,race,submissions,124163
2022-12,race,submissions,139198
2023-01,race,submissions,137623
2023-02,race,submissions,132675
2023-03,race,submissions,148196
2023-04,race,submissions,309792
2023-05,race,submissions,144496
2023-06,race,submissions,170755
2023-07,race,submissions,207379
2023-08,race,submissions,211600
2023-09,race,submissions,200868
2023-10,race,submissions,202028
2023-11,race,submissions,197091
2023-12,race,submissions,216604
2007-01,sexuality,comments,388
2007-02,sexuality,comments,761
2007-03,sexuality,comments,851
2007-04,sexuality,comments,742
2007-05,sexuality,comments,1096
2007-06,sexuality,comments,1196
2007-07,sexuality,comments,1291
2007-08,sexuality,comments,1603
2007-09,sexuality,comments,2103
2007-10,sexuality,comments,2207
2007-11,sexuality,comments,1998
2007-12,sexuality,comments,2497
2008-01,sexuality,comments,2383
2008-02,sexuality,comments,2351
2008-03,sexuality,comments,2424
2008-04,sexuality,comments,2103
2008-05,sexuality,comments,3236
2008-06,sexuality,comments,3231
2008-07,sexuality,comments,3192
2008-08,sexuality,comments,3613
2008-09,sexuality,comments,3486
2008-10,sexuality,comments,4291
2008-11,sexuality,comments,11086
2008-12,sexuality,comments,6966
2009-01,sexuality,comments,5808
2009-02,sexuality,comments,5339
2009-03,sexuality,comments,5671
2009-04,sexuality,comments,8823
2009-05,sexuality,comments,9307
2009-06,sexuality,comments,8078
2009-07,sexuality,comments,9155
2009-08,sexuality,comments,12037
2009-09,sexuality,comments,13037
2009-10,sexuality,comments,14884
2009-11,sexuality,comments,17942
2009-12,sexuality,comments,17889
2010-01,sexuality,comments,16895
2010-02,sexuality,comments,17145
2010-03,sexuality,comments,21991
2010-04,sexuality,comments,20402
2010-05,sexuality,comments,21685
2010-06,sexuality,comments,23849
2010-07,sexuality,comments,27357
2010-08,sexuality,comments,31911
2010-09,sexuality,comments,30321
2010-10,sexuality,comments,37729
2010-11,sexuality,comments,38991
2010-12,sexuality,comments,37794
2011-01,sexuality,comments,37888
2011-02,sexuality,comments,41905
2011-03,sexuality,comments,45546
2011-04,sexuality,comments,44846
2011-05,sexuality,comments,52368
2011-06,sexuality,comments,68858
2011-07,sexuality,comments,63131
2011-08,sexuality,comments,71514
2011-09,sexuality,comments,71340
2011-10,sexuality,comments,75323
2011-11,sexuality,comments,76044
2011-12,sexuality,comments,90757
2012-01,sexuality,comments,103310
2012-02,sexuality,comments,108400
2012-03,sexuality,comments,115481
2012-04,sexuality,comments,116942
2012-05,sexuality,comments,163464
2012-06,sexuality,comments,139404
2012-07,sexuality,comments,167954
2012-08,sexuality,comments,166825
2012-09,sexuality,comments,130545
2012-10,sexuality,comments,136233
2012-11,sexuality,comments,142029
2012-12,sexuality,comments,143203
2013-01,sexuality,comments,164636
2013-02,sexuality,comments,146866
2013-03,sexuality,comments,193640
2013-04,sexuality,comments,180950
2013-05,sexuality,comments,179876
2013-06,sexuality,comments,163662
2013-07,sexuality,comments,173070
2013-08,sexuality,comments,160932
2013-09,sexuality,comments,136060
2013-10,sexuality,comments,135824
2013-11,sexuality,comments,150561
2013-12,sexuality,comments,172542
2014-01,sexuality,comments,176068
2014-02,sexuality,comments,178887
2014-03,sexuality,comments,167274
2014-04,sexuality,comments,160787
2014-05,sexuality,comments,174418
2014-06,sexuality,comments,160943
2014-07,sexuality,comments,170749
2014-08,sexuality,comments,160930
2014-09,sexuality,comments,153864
2014-10,sexuality,comments,166018
2014-11,sexuality,comments,154007
2014-12,sexuality,comments,159255
2015-01,sexuality,comments,185710
2015-02,sexuality,comments,166809
2015-03,sexuality,comments,196445
2015-04,sexuality,comments,209307
2015-05,sexuality,comments,202607
2015-06,sexuality,comments,249632
2015-07,sexuality,comments,224522
2015-08,sexuality,comments,193456
2015-09,sexuality,comments,190035
2015-10,sexuality,comments,178848
2015-11,sexuality,comments,182791
2015-12,sexuality,comments,182640
2016-01,sexuality,comments,195203
2016-02,sexuality,comments,191507
2016-03,sexuality,comments,213965
2016-04,sexuality,comments,212276
2016-05,sexuality,comments,214082
2016-06,sexuality,comments,290643
2016-07,sexuality,comments,244735
2016-08,sexuality,comments,230835
2016-09,sexuality,comments,213313
2016-10,sexuality,comments,223225
2016-11,sexuality,comments,282010
2016-12,sexuality,comments,255070
2017-01,sexuality,comments,264148
2017-02,sexuality,comments,253085
2017-03,sexuality,comments,264773
2017-04,sexuality,comments,258231
2017-05,sexuality,comments,282230
2017-06,sexuality,comments,315818
2017-07,sexuality,comments,302468
2017-08,sexuality,comments,287760
2017-09,sexuality,comments,289295
2017-10,sexuality,comments,291041
2017-11,sexuality,comments,282585
2017-12,sexuality,comments,307052
2018-01,sexuality,comments,291121
2018-02,sexuality,comments,295755
2018-03,sexuality,comments,340480
2018-04,sexuality,comments,342813
2018-05,sexuality,comments,367190
2018-06,sexuality,comments,422177
2018-07,sexuality,comments,412060
2018-08,sexuality,comments,392697
2018-09,sexuality,comments,354995
2018-10,sexuality,comments,388462
2018-11,sexuality,comments,372874
2018-12,sexuality,comments,409440
2019-01,sexuality,comments,243508
2019-02,sexuality,comments,447582
2019-03,sexuality,comments,522902
2019-04,sexuality,comments,498343
2019-05,sexuality,comments,504161
2019-06,sexuality,comments,599950
2019-07,sexuality,comments,550298
2019-08,sexuality,comments,509552
2019-09,sexuality,comments,473550
2019-10,sexuality,comments,503385
2019-11,sexuality,comments,464973
2019-12,sexuality,comments,507017
2020-01,sexuality,comments,526481
2020-02,sexuality,comments,543394
2020-03,sexuality,comments,504451
2020-04,sexuality,comments,566299
2020-05,sexuality,comments,626049
2020-06,sexuality,comments,698074
2020-07,sexuality,comments,710001
2020-08,sexuality,comments,683666
2020-09,sexuality,comments,612861
2020-10,sexuality,comments,668855
2020-11,sexuality,comments,622963
2020-12,sexuality,comments,705092
2021-01,sexuality,comments,767316
2021-02,sexuality,comments,712003
2021-03,sexuality,comments,837952
2021-04,sexuality,comments,789366
2021-05,sexuality,comments,828461
2021-06,sexuality,comments,966853
2021-07,sexuality,comments,884403
2021-08,sexuality,comments,885822
2021-09,sexuality,comments,870403
2021-10,sexuality,comments,929170
2021-11,sexuality,comments,892042
2021-12,sexuality,comments,946418
2022-01,sexuality,comments,1037389
2022-02,sexuality,comments,885871
2022-03,sexuality,comments,1018463
2022-04,sexuality,comments,1104424
2022-05,sexuality,comments,1115217
2022-06,sexuality,comments,1247126
2022-07,sexuality,comments,1299596
2022-08,sexuality,comments,1221959
2022-09,sexuality,comments,1127779
2022-10,sexuality,comments,1163817
2022-11,sexuality,comments,1191668
2022-12,sexuality,comments,851664
2023-01,sexuality,comments,862895
2023-02,sexuality,comments,775744
2023-03,sexuality,comments,877560
2023-04,sexuality,comments,819991
2023-05,sexuality,comments,871492
2023-06,sexuality,comments,1000893
2023-07,sexuality,comments,992194
2023-08,sexuality,comments,996698
2023-09,sexuality,comments,954621
2023-10,sexuality,comments,1077497
2023-11,sexuality,comments,889619
2023-12,sexuality,comments,958784
2007-01,sexuality,submissions,103
2007-02,sexuality,submissions,182
2007-03,sexuality,submissions,264
2007-04,sexuality,submissions,224
2007-05,sexuality,submissions,305
2007-06,sexuality,submissions,261
2007-07,sexuality,submissions,261
2007-08,sexuality,submissions,336
2007-09,sexuality,submissions,420
2007-10,sexuality,submissions,458
2007-11,sexuality,submissions,351
2007-12,sexuality,submissions,365
2008-01,sexuality,submissions,460
2008-02,sexuality,submissions,449
2008-03,sexuality,submissions,524
2008-04,sexuality,submissions,523
2008-05,sexuality,submissions,929
2008-06,sexuality,submissions,964
2008-07,sexuality,submissions,884
2008-08,sexuality,submissions,811
2008-09,sexuality,submissions,881
2008-10,sexuality,submissions,1226
2008-11,sexuality,submissions,1768
2008-12,sexuality,submissions,1430
2009-01,sexuality,submissions,1289
2009-02,sexuality,submissions,1277
2009-03,sexuality,submissions,1334
2009-04,sexuality,submissions,2228
2009-05,sexuality,submissions,2124
2009-06,sexuality,submissions,2291
2009-07,sexuality,submissions,2010
2009-08,sexuality,submissions,1757
2009-09,sexuality,submissions,1887
2009-10,sexuality,submissions,2316
2009-11,sexuality,submissions,2105
2009-12,sexuality,submissions,2272
2010-01,sexuality,submissions,2256
2010-02,sexuality,submissions,2100
2010-03,sexuality,submissions,2911
2010-04,sexuality,submissions,2539
2010-05,sexuality,submissions,2514
2010-06,sexuality,submissions,2473
2010-07,sexuality,submissions,2587
2010-08,sexuality,submissions,3461
2010-09,sexuality,submissions,3055
2010-10,sexuality,submissions,4362
2010-11,sexuality,submissions,3488
2010-12,sexuality,submissions,3644
2011-01,sexuality,submissions,4663
2011-02,sexuality,submissions,4849
2011-03,sexuality,submissions,5520
2011-04,sexuality,submissions,5375
2011-05,sexuality,submissions,5956
2011-06,sexuality,submissions,8128
2011-07,sexuality,submissions,7402
2011-08,sexuality,submissions,7823
2011-09,sexuality,submissions,7681
2011-10,sexuality,submissions,8370
2011-11,sexuality,submissions,8591
2011-12,sexuality,submissions,10024
2012-01,sexuality,submissions,11280
2012-02,sexuality,submissions,13146
2012-03,sexuality,submissions,13245
2012-04,sexuality,submissions,13169
2012-05,sexuality,submissions,21195
2012-06,sexuality,submissions,16560
2012-07,sexuality,submissions,18355
2012-08,sexuality,submissions,19804
2012-09,sexuality,submissions,15833
2012-10,sexuality,submissions,15694
2012-11,sexuality,submissions,16103
2012-12,sexuality,submissions,15596
2013-01,sexuality,submissions,17963
2013-02,sexuality,submissions,17539
2013-03,sexuality,submissions,24079
2013-04,sexuality,submissions,22300
2013-05,sexuality,submissions,22049
2013-06,sexuality,submissions,20936
2013-07,sexuality,submissions,20596
2013-08,sexuality,submissions,19469
2013-09,sexuality,submissions,16590
2013-10,sexuality,submissions,18481
2013-11,sexuality,submissions,18002
2013-12,sexuality,submissions,21386
2014-01,sexuality,submissions,22243
2014-02,sexuality,submissions,24176
2014-03,sexuality,submissions,21822
2014-04,sexuality,submissions,20175
2014-05,sexuality,submissions,22498
2014-06,sexuality,submissions,21777
2014-07,sexuality,submissions,23315
2014-08,sexuality,submissions,22293
2014-09,sexuality,submissions,21752
2014-10,sexuality,submissions,24976
2014-11,sexuality,submissions,22453
2014-12,sexuality,submissions,22704
2015-01,sexuality,submissions,26650
2015-02,sexuality,submissions,24710
2015-03,sexuality,submissions,28138
2015-04,sexuality,submissions,30591
2015-05,sexuality,submissions,30728
2015-06,sexuality,submissions,40067
2015-07,sexuality,submissions,33634
2015-08,sexuality,submissions,30150
2015-09,sexuality,submissions,26200
2015-10,sexuality,submissions,24313
2015-11,sexuality,submissions,25579
2015-12,sexuality,submissions,23649
2016-01,sexuality,submissions,25556
2016-02,sexuality,submissions,28086
2016-03,sexuality,submissions,24747
2016-04,sexuality,submissions,28685
2016-05,sexuality,submissions,30494
2016-06,sexuality,submissions,40413
2016-07,sexuality,submissions,28759
2016-08,sexuality,submissions,30913
2016-09,sexuality,submissions,27877
2016-10,sexuality,submissions,30293
2016-11,sexuality,submissions,31048
2016-12,sexuality,submissions,32576
2017-01,sexuality,submissions,33940
2017-02,sexuality,submissions,31530
2017-03,sexuality,submissions,34959
2017-04,sexuality,submissions,35652
2017-05,sexuality,submissions,38577
2017-06,sexuality,submissions,42553
2017-07,sexuality,submissions,41172
2017-08,sexuality,submissions,42327
2017-09,sexuality,submissions,42111
2017-10,sexuality,submissions,42318
2017-11,sexuality,submissions,43780
2017-12,sexuality,submissions,45130
2018-01,sexuality,submissions,44780
2018-02,sexuality,submissions,45004
2018-03,sexuality,submissions,51485
2018-04,sexuality,submissions,51817
2018-05,sexuality,submissions,54173
2018-06,sexuality,submissions,56423
2018-07,sexuality,submissions,58433
2018-08,sexuality,submissions,57689
2018-09,sexuality,submissions,62262
2018-10,sexuality,submissions,61488
2018-11,sexuality,submissions,58798
2018-12,sexuality,submissions,65674
2019-01,sexuality,submissions,72659
2019-02,sexuality,submissions,75770
2019-03,sexuality,submissions,94636
2019-04,sexuality,submissions,93534
2019-05,sexuality,submissions,105253
2019-06,sexuality,submissions,110858
2019-07,sexuality,submissions,115303
2019-08,sexuality,submissions,110110
2019-09,sexuality,submissions,91957
2019-10,sexuality,submissions,104466
2019-11,sexuality,submissions,97234
2019-12,sexuality,submissions,100601
2020-01,sexuality,submissions,98394
2020-02,sexuality,submissions,100298
2020-03,sexuality,submissions,101604
2020-04,sexuality,submissions,113896
2020-05,sexuality,submissions,97625
2020-06,sexuality,submissions,106228
2020-07,sexuality,submissions,107661
2020-08,sexuality,submissions,109877
2020-09,sexuality,submissions,105694
2020-10,sexuality,submissions,111808
2020-11,sexuality,submissions,112612
2020-12,sexuality,submissions,132099
2021-01,sexuality,submissions,143976
2021-02,sexuality,submissions,135777
2021-03,sexuality,submissions,150433
2021-04,sexuality,submissions,141132
2021-05,sexuality,submissions,148188
2021-06,sexuality,submissions,156136
2021-07,sexuality,submissions,113057
2021-08,sexuality,submissions,110444
2021-09,sexuality,submissions,93160
2021-10,sexuality,submissions,93053
2021-11,sexuality,submissions,110286
2021-12,sexuality,submissions,110974
2022-01,sexuality,submissions,124380
2022-02,sexuality,submissions,124395
2022-03,sexuality,submissions,157227
2022-04,sexuality,submissions,165735
2022-05,sexuality,submissions,182827
2022-06,sexuality,submissions,189244
2022-07,sexuality,submissions,190822
2022-08,sexuality,submissions,184658
2022-09,sexuality,submissions,166448
2022-10,sexuality,submissions,178091
2022-11,sexuality,submissions,153467
2022-12,sexuality,submissions,184826
2023-01,sexuality,submissions,167179
2023-02,sexuality,submissions,152826
2023-03,sexuality,submissions,207162
2023-04,sexuality,submissions,613987
2023-05,sexuality,submissions,198089
2023-06,sexuality,submissions,271761
2023-07,sexuality,submissions,305963
2023-08,sexuality,submissions,325553
2023-09,sexuality,submissions,320964
2023-10,sexuality,submissions,266134
2023-11,sexuality,submissions,250175
2023-12,sexuality,submissions,253284
2007-01,skin_tone,comments,315
2007-02,skin_tone,comments,319
2007-03,skin_tone,comments,241
2007-04,skin_tone,comments,376
2007-05,skin_tone,comments,439
2007-06,skin_tone,comments,618
2007-07,skin_tone,comments,516
2007-08,skin_tone,comments,673
2007-09,skin_tone,comments,747
2007-10,skin_tone,comments,967
2007-11,skin_tone,comments,899
2007-12,skin_tone,comments,1184
2008-01,skin_tone,comments,1316
2008-02,skin_tone,comments,1400
2008-03,skin_tone,comments,1713
2008-04,skin_tone,comments,1777
2008-05,skin_tone,comments,1997
2008-06,skin_tone,comments,1585
2008-07,skin_tone,comments,1302
2008-08,skin_tone,comments,1649
2008-09,skin_tone,comments,1526
2008-10,skin_tone,comments,2371
2008-11,skin_tone,comments,2596
2008-12,skin_tone,comments,1816
2009-01,skin_tone,comments,2251
2009-02,skin_tone,comments,2023
2009-03,skin_tone,comments,1906
2009-04,skin_tone,comments,2645
2009-05,skin_tone,comments,3146
2009-06,skin_tone,comments,2992
2009-07,skin_tone,comments,4489
2009-08,skin_tone,comments,4348
2009-09,skin_tone,comments,6012
2009-10,skin_tone,comments,6082
2009-11,skin_tone,comments,5920
2009-12,skin_tone,comments,6317
2010-01,skin_tone,comments,6664
2010-02,skin_tone,comments,7818
2010-03,skin_tone,comments,8416
2010-04,skin_tone,comments,8504
2010-05,skin_tone,comments,8487
2010-06,skin_tone,comments,9178
2010-07,skin_tone,comments,10976
2010-08,skin_tone,comments,11394
2010-09,skin_tone,comments,10561
2010-10,skin_tone,comments,12205
2010-11,skin_tone,comments,13210
2010-12,skin_tone,comments,11601
2011-01,skin_tone,comments,15993
2011-02,skin_tone,comments,13423
2011-03,skin_tone,comments,18449
2011-04,skin_tone,comments,16676
2011-05,skin_tone,comments,20278
2011-06,skin_tone,comments,24562
2011-07,skin_tone,comments,24897
2011-08,skin_tone,comments,28247
2011-09,skin_tone,comments,25428
2011-10,skin_tone,comments,28092
2011-11,skin_tone,comments,26510
2011-12,skin_tone,comments,32332
2012-01,skin_tone,comments,37845
2012-02,skin_tone,comments,36306
2012-03,skin_tone,comments,45075
2012-04,skin_tone,comments,48585
2012-05,skin_tone,comments,47871
2012-06,skin_tone,comments,47832
2012-07,skin_tone,comments,55442
2012-08,skin_tone,comments,58007
2012-09,skin_tone,comments,49441
2012-10,skin_tone,comments,58052
2012-11,skin_tone,comments,56108
2012-12,skin_tone,comments,56406
2013-01,skin_tone,comments,71779
2013-02,skin_tone,comments,66408
2013-03,skin_tone,comments,71734
2013-04,skin_tone,comments,85687
2013-05,skin_tone,comments,81114
2013-06,skin_tone,comments,75087
2013-07,skin_tone,comments,103000
2013-08,skin_tone,comments,92651
2013-09,skin_tone,comments,72341
2013-10,skin_tone,comments,80809
2013-11,skin_tone,comments,82283
2013-12,skin_tone,comments,91852
2014-01,skin_tone,comments,91640
2014-02,skin_tone,comments,85102
2014-03,skin_tone,comments,91512
2014-04,skin_tone,comments,100846
2014-05,skin_tone,comments,96607
2014-06,skin_tone,comments,91908
2014-07,skin_tone,comments,108288
2014-08,skin_tone,comments,116575
2014-09,skin_tone,comments,102935
2014-10,skin_tone,comments,104272
2014-11,skin_tone,comments,113545
2014-12,skin_tone,comments,121305
2015-01,skin_tone,comments,119984
2015-02,skin_tone,comments,110726
2015-03,skin_tone,comments,124788
2015-04,skin_tone,comments,139445
2015-05,skin_tone,comments,129234
2015-06,skin_tone,comments,146435
2015-07,skin_tone,comments,143173
2015-08,skin_tone,comments,154001
2015-09,skin_tone,comments,125840
2015-10,skin_tone,comments,125604
2015-11,skin_tone,comments,146081
2015-12,skin_tone,comments,142116
2016-01,skin_tone,comments,157837
2016-02,skin_tone,comments,150906
2016-03,skin_tone,comments,171835
2016-04,skin_tone,comments,152977
2016-05,skin_tone,comments,150232
2016-06,skin_tone,comments,168713
2016-07,skin_tone,comments,212567
2016-08,skin_tone,comments,184442
2016-09,skin_tone,comments,176955
2016-10,skin_tone,comments,169311
2016-11,skin_tone,comments,238632
2016-12,skin_tone,comments,195329
2017-01,skin_tone,comments,227521
2017-02,skin_tone,comments,202051
2017-03,skin_tone,comments,214768
2017-04,skin_tone,comments,190853
2017-05,skin_tone,comments,213338
2017-06,skin_tone,comments,210473
2017-07,skin_tone,comments,212418
2017-08,skin_tone,comments,286246
2017-09,skin_tone,comments,238634
2017-10,skin_tone,comments,228050
2017-11,skin_tone,comments,209813
2017-12,skin_tone,comments,202626
2018-01,skin_tone,comments,229085
2018-02,skin_tone,comments,222799
2018-03,skin_tone,comments,249634
2018-04,skin_tone,comments,250701
2018-05,skin_tone,comments,279886
2018-06,skin_tone,comments,261303
2018-07,skin_tone,comments,279381
2018-08,skin_tone,comments,298395
2018-09,skin_tone,comments,258117
2018-10,skin_tone,comments,286350
2018-11,skin_tone,comments,265281
2018-12,skin_tone,comments,255579
2019-01,skin_tone,comments,318459
2019-02,skin_tone,comments,301889
2019-03,skin_tone,comments,342571
2019-04,skin_tone,comments,323615
2019-05,skin_tone,comments,296585
2019-06,skin_tone,comments,298695
2019-07,skin_tone,comments,368738
2019-08,skin_tone,comments,350246
2019-09,skin_tone,comments,289329
2019-10,skin_tone,comments,290371
2019-11,skin_tone,comments,274635
2019-12,skin_tone,comments,301403
2020-01,skin_tone,comments,299980
2020-02,skin_tone,comments,310006
2020-03,skin_tone,comments,255790
2020-04,skin_tone,comments,295388
2020-05,skin_tone,comments,506362
2020-06,skin_tone,comments,855805
2020-07,skin_tone,comments,554420
2020-08,skin_tone,comments,491479
2020-09,skin_tone,comments,412463
2020-10,skin_tone,comments,395277
2020-11,skin_tone,comments,363259
2020-12,skin_tone,comments,349240
2021-01,skin_tone,comments,410322
2021-02,skin_tone,comments,372429
2021-03,skin_tone,comments,440024
2021-04,skin_tone,comments,410190
2021-05,skin_tone,comments,389482
2021-06,skin_tone,comments,403265
2021-07,skin_tone,comments,389814
2021-08,skin_tone,comments,377288
2021-09,skin_tone,comments,384093
2021-10,skin_tone,comments,403443
2021-11,skin_tone,comments,433013
2021-12,skin_tone,comments,410069
2022-01,skin_tone,comments,449918
2022-02,skin_tone,comments,412107
2022-03,skin_tone,comments,399322
2022-04,skin_tone,comments,391502
2022-05,skin_tone,comments,441762
2022-06,skin_tone,comments,412843
2022-07,skin_tone,comments,452923
2022-08,skin_tone,comments,434711
2022-09,skin_tone,comments,444324
2022-10,skin_tone,comments,413910
2022-11,skin_tone,comments,387926
2022-12,skin_tone,comments,394856
2023-01,skin_tone,comments,424442
2023-02,skin_tone,comments,380228
2023-03,skin_tone,comments,404512
2023-04,skin_tone,comments,374993
2023-05,skin_tone,comments,410867
2023-06,skin_tone,comments,398658
2023-07,skin_tone,comments,428394
2023-08,skin_tone,comments,444323
2023-09,skin_tone,comments,452516
2023-10,skin_tone,comments,440406
2023-11,skin_tone,comments,442180
2023-12,skin_tone,comments,464898
2007-01,skin_tone,submissions,32
2007-02,skin_tone,submissions,35
2007-03,skin_tone,submissions,27
2007-04,skin_tone,submissions,40
2007-05,skin_tone,submissions,47
2007-06,skin_tone,submissions,53
2007-07,skin_tone,submissions,56
2007-08,skin_tone,submissions,67
2007-09,skin_tone,submissions,84
2007-10,skin_tone,submissions,85
2007-11,skin_tone,submissions,106
2007-12,skin_tone,submissions,110
2008-01,skin_tone,submissions,152
2008-02,skin_tone,submissions,199
2008-03,skin_tone,submissions,284
2008-04,skin_tone,submissions,209
2008-05,skin_tone,submissions,245
2008-06,skin_tone,submissions,229
2008-07,skin_tone,submissions,244
2008-08,skin_tone,submissions,250
2008-09,skin_tone,submissions,341
2008-10,skin_tone,submissions,353
2008-11,skin_tone,submissions,328
2008-12,skin_tone,submissions,267
2009-01,skin_tone,submissions,312
2009-02,skin_tone,submissions,345
2009-03,skin_tone,submissions,304
2009-04,skin_tone,submissions,327
2009-05,skin_tone,submissions,420
2009-06,skin_tone,submissions,429
2009-07,skin_tone,submissions,569
2009-08,skin_tone,submissions,561
2009-09,skin_tone,submissions,621
2009-10,skin_tone,submissions,508
2009-11,skin_tone,submissions,456
2009-12,skin_tone,submissions,465
2010-01,skin_tone,submissions,537
2010-02,skin_tone,submissions,570
2010-03,skin_tone,submissions,683
2010-04,skin_tone,submissions,680
2010-05,skin_tone,submissions,769
2010-06,skin_tone,submissions,640
2010-07,skin_tone,submissions,847
2010-08,skin_tone,submissions,802
2010-09,skin_tone,submissions,786
2010-10,skin_tone,submissions,880
2010-11,skin_tone,submissions,997
2010-12,skin_tone,submissions,930
2011-01,skin_tone,submissions,1441
2011-02,skin_tone,submissions,1365
2011-03,skin_tone,submissions,1849
2011-04,skin_tone,submissions,1748
2011-05,skin_tone,submissions,1834
2011-06,skin_tone,submissions,2014
2011-07,skin_tone,submissions,2231
2011-08,skin_tone,submissions,2749
2011-09,skin_tone,submissions,2529
2011-10,skin_tone,submissions,2763
2011-11,skin_tone,submissions,2684
2011-12,skin_tone,submissions,3015
2012-01,skin_tone,submissions,3947
2012-02,skin_tone,submissions,3813
2012-03,skin_tone,submissions,4153
2012-04,skin_tone,submissions,4496
2012-05,skin_tone,submissions,4722
2012-06,skin_tone,submissions,4560
2012-07,skin_tone,submissions,5054
2012-08,skin_tone,submissions,5592
2012-09,skin_tone,submissions,5092
2012-10,skin_tone,submissions,5357
2012-11,skin_tone,submissions,5887
2012-12,skin_tone,submissions,5425
2013-01,skin_tone,submissions,6600
2013-02,skin_tone,submissions,6304
2013-03,skin_tone,submissions,7211
2013-04,skin_tone,submissions,7680
2013-05,skin_tone,submissions,7547
2013-06,skin_tone,submissions,7522
2013-07,skin_tone,submissions,9377
2013-08,skin_tone,submissions,8732
2013-09,skin_tone,submissions,7339
2013-10,skin_tone,submissions,8017
2013-11,skin_tone,submissions,8380
2013-12,skin_tone,submissions,9077
2014-01,skin_tone,submissions,9541
2014-02,skin_tone,submissions,9111
2014-03,skin_tone,submissions,9685
2014-04,skin_tone,submissions,10271
2014-05,skin_tone,submissions,10865
2014-06,skin_tone,submissions,10687
2014-07,skin_tone,submissions,12096
2014-08,skin_tone,submissions,13040
2014-09,skin_tone,submissions,12012
2014-10,skin_tone,submissions,12599
2014-11,skin_tone,submissions,12134
2014-12,skin_tone,submissions,12859
2015-01,skin_tone,submissions,13275
2015-02,skin_tone,submissions,12676
2015-03,skin_tone,submissions,14357
2015-04,skin_tone,submissions,15430
2015-05,skin_tone,submissions,15591
2015-06,skin_tone,submissions,17482
2015-07,skin_tone,submissions,16282
2015-08,skin_tone,submissions,16491
2015-09,skin_tone,submissions,12499
2015-10,skin_tone,submissions,12861
2015-11,skin_tone,submissions,13970
2015-12,skin_tone,submissions,13986
2016-01,skin_tone,submissions,15194
2016-02,skin_tone,submissions,16806
2016-03,skin_tone,submissions,15234
2016-04,skin_tone,submissions,15172
2016-05,skin_tone,submissions,15489
2016-06,skin_tone,submissions,15721
2016-07,skin_tone,submissions,18826
2016-08,skin_tone,submissions,18391
2016-09,skin_tone,submissions,17019
2016-10,skin_tone,submissions,17225
2016-11,skin_tone,submissions,21145
2016-12,skin_tone,submissions,19512
2017-01,skin_tone,submissions,21782
2017-02,skin_tone,submissions,19403
2017-03,skin_tone,submissions,20554
2017-04,skin_tone,submissions,20382
2017-05,skin_tone,submissions,22368
2017-06,skin_tone,submissions,22172
2017-07,skin_tone,submissions,22583
2017-08,skin_tone,submissions,27900
2017-09,skin_tone,submissions,23145
2017-10,skin_tone,submissions,23673
2017-11,skin_tone,submissions,23352
2017-12,skin_tone,submissions,22023
2018-01,skin_tone,submissions,23927
2018-02,skin_tone,submissions,22887
2018-03,skin_tone,submissions,27316
2018-04,skin_tone,submissions,24290
2018-05,skin_tone,submissions,28145
2018-06,skin_tone,submissions,26840
2018-07,skin_tone,submissions,29097
2018-08,skin_tone,submissions,31896
2018-09,skin_tone,submissions,28815
2018-10,skin_tone,submissions,31274
2018-11,skin_tone,submissions,28560
2018-12,skin_tone,submissions,30217
2019-01,skin_tone,submissions,36470
2019-02,skin_tone,submissions,35404
2019-03,skin_tone,submissions,40409
2019-04,skin_tone,submissions,41025
2019-05,skin_tone,submissions,40092
2019-06,skin_tone,submissions,39807
2019-07,skin_tone,submissions,50021
2019-08,skin_tone,submissions,55621
2019-09,skin_tone,submissions,39827
2019-10,skin_tone,submissions,40002
2019-11,skin_tone,submissions,40110
2019-12,skin_tone,submissions,41692
2020-01,skin_tone,submissions,43282
2020-02,skin_tone,submissions,44327
2020-03,skin_tone,submissions,44648
2020-04,skin_tone,submissions,52524
2020-05,skin_tone,submissions,54984
2020-06,skin_tone,submissions,77880
2020-07,skin_tone,submissions,58409
2020-08,skin_tone,submissions,54831
2020-09,skin_tone,submissions,48767
2020-10,skin_tone,submissions,50210
2020-11,skin_tone,submissions,45793
2020-12,skin_tone,submissions,50601
2021-01,skin_tone,submissions,57064
2021-02,skin_tone,submissions,54079
2021-03,skin_tone,submissions,60397
2021-04,skin_tone,submissions,59467
2021-05,skin_tone,submissions,66954
2021-06,skin_tone,submissions,64444
2021-07,skin_tone,submissions,47605
2021-08,skin_tone,submissions,46535
2021-09,skin_tone,submissions,40676
2021-10,skin_tone,submissions,41355
2021-11,skin_tone,submissions,44618
2021-12,skin_tone,submissions,46227
2022-01,skin_tone,submissions,51427
2022-02,skin_tone,submissions,52515
2022-03,skin_tone,submissions,62703
2022-04,skin_tone,submissions,66306
2022-05,skin_tone,submissions,73222
2022-06,skin_tone,submissions,73347
2022-07,skin_tone,submissions,75614
2022-08,skin_tone,submissions,73956
2022-09,skin_tone,submissions,67769
2022-10,skin_tone,submissions,68641
2022-11,skin_tone,submissions,63193
2022-12,skin_tone,submissions,71123
2023-01,skin_tone,submissions,71873
2023-02,skin_tone,submissions,66716
2023-03,skin_tone,submissions,78201
2023-04,skin_tone,submissions,136475
2023-05,skin_tone,submissions,79495
2023-06,skin_tone,submissions,96604
2023-07,skin_tone,submissions,122576
2023-08,skin_tone,submissions,121209
2023-09,skin_tone,submissions,116836
2023-10,skin_tone,submissions,118713
2023-11,skin_tone,submissions,115146
2023-12,skin_tone,submissions,122918
2007-01,weight,comments,167
2007-02,weight,comments,119
2007-03,weight,comments,134
2007-04,weight,comments,251
2007-05,weight,comments,254
2007-06,weight,comments,310
2007-07,weight,comments,329
2007-08,weight,comments,377
2007-09,weight,comments,357
2007-10,weight,comments,419
2007-11,weight,comments,484
2007-12,weight,comments,423
2008-01,weight,comments,462
2008-02,weight,comments,460
2008-03,weight,comments,488
2008-04,weight,comments,558
2008-05,weight,comments,720
2008-06,weight,comments,858
2008-07,weight,comments,1194
2008-08,weight,comments,938
2008-09,weight,comments,636
2008-10,weight,comments,856
2008-11,weight,comments,1127
2008-12,weight,comments,947
2009-01,weight,comments,1757
2009-02,weight,comments,1235
2009-03,weight,comments,1352
2009-04,weight,comments,1837
2009-05,weight,comments,1978
2009-06,weight,comments,2155
2009-07,weight,comments,3014
2009-08,weight,comments,3929
2009-09,weight,comments,3999
2009-10,weight,comments,5733
2009-11,weight,comments,4645
2009-12,weight,comments,5066
2010-01,weight,comments,6646
2010-02,weight,comments,7065
2010-03,weight,comments,7662
2010-04,weight,comments,7408
2010-05,weight,comments,7124
2010-06,weight,comments,7983
2010-07,weight,comments,10433
2010-08,weight,comments,9814
2010-09,weight,comments,11056
2010-10,weight,comments,11054
2010-11,weight,comments,12501
2010-12,weight,comments,11172
2011-01,weight,comments,15042
2011-02,weight,comments,14382
2011-03,weight,comments,16989
2011-04,weight,comments,17230
2011-05,weight,comments,20078
2011-06,weight,comments,23772
2011-07,weight,comments,24018
2011-08,weight,comments,27282
2011-09,weight,comments,25986
2011-10,weight,comments,26210
2011-11,weight,comments,26109
2011-12,weight,comments,27113
2012-01,weight,comments,35586
2012-02,weight,comments,33115
2012-03,weight,comments,36563
2012-04,weight,comments,43592
2012-05,weight,comments,45109
2012-06,weight,comments,46853
2012-07,weight,comments,54082
2012-08,weight,comments,59359
2012-09,weight,comments,48395
2012-10,weight,comments,51985
2012-11,weight,comments,47645
2012-12,weight,comments,49959
2013-01,weight,comments,63900
2013-02,weight,comments,55838
2013-03,weight,comments,62829
2013-04,weight,comments,68865
2013-05,weight,comments,71860
2013-06,weight,comments,71900
2013-07,weight,comments,75760
2013-08,weight,comments,72292
2013-09,weight,comments,62935
2013-10,weight,comments,71072
2013-11,weight,comments,70244
2013-12,weight,comments,67839
2014-01,weight,comments,80948
2014-02,weight,comments,54655
2014-03,weight,comments,33413
2014-04,weight,comments,33168
2014-05,weight,comments,33835
2014-06,weight,comments,34169
2014-07,weight,comments,39147
2014-08,weight,comments,38950
2014-09,weight,comments,33009
2014-10,weight,comments,35019
2014-11,weight,comments,34215
2014-12,weight,comments,37523
2015-01,weight,comments,42664
2015-02,weight,comments,40549
2015-03,weight,comments,48896
2015-04,weight,comments,49177
2015-05,weight,comments,57952
2015-06,weight,comments,48245
2015-07,weight,comments,46596
2015-08,weight,comments,41483
2015-09,weight,comments,37425
2015-10,weight,comments,36215
2015-11,weight,comments,32131
2015-12,weight,comments,36103
2016-01,weight,comments,39571
2016-02,weight,comments,34926
2016-03,weight,comments,37120
2016-04,weight,comments,38840
2016-05,weight,comments,43280
2016-06,weight,comments,39283
2016-07,weight,comments,42214
2016-08,weight,comments,44274
2016-09,weight,comments,41239
2016-10,weight,comments,37412
2016-11,weight,comments,33781
2016-12,weight,comments,38002
2017-01,weight,comments,45635
2017-02,weight,comments,38642
2017-03,weight,comments,46014
2017-04,weight,comments,43991
2017-05,weight,comments,49313
2017-06,weight,comments,46262
2017-07,weight,comments,49709
2017-08,weight,comments,45109
2017-09,weight,comments,43466
2017-10,weight,comments,45921
2017-11,weight,comments,39889
2017-12,weight,comments,41153
2018-01,weight,comments,49550
2018-02,weight,comments,46627
2018-03,weight,comments,53847
2018-04,weight,comments,57369
2018-05,weight,comments,56365
2018-06,weight,comments,60638
2018-07,weight,comments,59418
2018-08,weight,comments,59087
2018-09,weight,comments,53398
2018-10,weight,comments,54023
2018-11,weight,comments,50548
2018-12,weight,comments,55272
2019-01,weight,comments,67872
2019-02,weight,comments,63370
2019-03,weight,comments,67417
2019-04,weight,comments,67279
2019-05,weight,comments,65490
2019-06,weight,comments,67153
2019-07,weight,comments,73461
2019-08,weight,comments,68061
2019-09,weight,comments,63483
2019-10,weight,comments,65132
2019-11,weight,comments,58477
2019-12,weight,comments,67604
2020-01,weight,comments,74524
2020-02,weight,comments,69560
2020-03,weight,comments,65137
2020-04,weight,comments,79616
2020-05,weight,comments,88813
2020-06,weight,comments,76010
2020-07,weight,comments,89487
2020-08,weight,comments,90070
2020-09,weight,comments,71580
2020-10,weight,comments,75242
2020-11,weight,comments,67728
2020-12,weight,comments,72953
2021-01,weight,comments,82604
2021-02,weight,comments,81962
2021-03,weight,comments,121605
2021-04,weight,comments,118392
2021-05,weight,comments,131440
2021-06,weight,comments,136212
2021-07,weight,comments,134366
2021-08,weight,comments,134339
2021-09,weight,comments,134237
2021-10,weight,comments,200187
2021-11,weight,comments,240214
2021-12,weight,comments,146459
2022-01,weight,comments,169644
2022-02,weight,comments,240433
2022-03,weight,comments,364231
2022-04,weight,comments,355301
2022-05,weight,comments,395153
2022-06,weight,comments,422809
2022-07,weight,comments,474670
2022-08,weight,comments,534597
2022-09,weight,comments,546554
2022-10,weight,comments,324333
2022-11,weight,comments,347198
2022-12,weight,comments,356839
2023-01,weight,comments,491270
2023-02,weight,comments,480358
2023-03,weight,comments,557954
2023-04,weight,comments,491927
2023-05,weight,comments,465947
2023-06,weight,comments,353463
2023-07,weight,comments,277760
2023-08,weight,comments,296693
2023-09,weight,comments,314360
2023-10,weight,comments,358606
2023-11,weight,comments,365707
2023-12,weight,comments,372120
2007-01,weight,submissions,24
2007-02,weight,submissions,12
2007-03,weight,submissions,23
2007-04,weight,submissions,25
2007-05,weight,submissions,20
2007-06,weight,submissions,22
2007-07,weight,submissions,46
2007-08,weight,submissions,48
2007-09,weight,submissions,52
2007-10,weight,submissions,48
2007-11,weight,submissions,51
2007-12,weight,submissions,60
2008-01,weight,submissions,73
2008-02,weight,submissions,91
2008-03,weight,submissions,46
2008-04,weight,submissions,94
2008-05,weight,submissions,93
2008-06,weight,submissions,88
2008-07,weight,submissions,131
2008-08,weight,submissions,125
2008-09,weight,submissions,89
2008-10,weight,submissions,92
2008-11,weight,submissions,133
2008-12,weight,submissions,108
2009-01,weight,submissions,159
2009-02,weight,submissions,131
2009-03,weight,submissions,180
2009-04,weight,submissions,215
2009-05,weight,submissions,161
2009-06,weight,submissions,196
2009-07,weight,submissions,306
2009-08,weight,submissions,335
2009-09,weight,submissions,329
2009-10,weight,submissions,400
2009-11,weight,submissions,357
2009-12,weight,submissions,329
2010-01,weight,submissions,475
2010-02,weight,submissions,441
2010-03,weight,submissions,555
2010-04,weight,submissions,572
2010-05,weight,submissions,575
2010-06,weight,submissions,593
2010-07,weight,submissions,656
2010-08,weight,submissions,741
2010-09,weight,submissions,759
2010-10,weight,submissions,823
2010-11,weight,submissions,983
2010-12,weight,submissions,839
2011-01,weight,submissions,1672
2011-02,weight,submissions,1653
2011-03,weight,submissions,2073
2011-04,weight,submissions,2131
2011-05,weight,submissions,2389
2011-06,weight,submissions,2533
2011-07,weight,submissions,2599
2011-08,weight,submissions,3167
2011-09,weight,submissions,2993
2011-10,weight,submissions,3314
2011-11,weight,submissions,3127
2011-12,weight,submissions,3169
2012-01,weight,submissions,4452
2012-02,weight,submissions,4234
2012-03,weight,submissions,4729
2012-04,weight,submissions,5022
2012-05,weight,submissions,5555
2012-06,weight,submissions,5887
2012-07,weight,submissions,6328
2012-08,weight,submissions,7331
2012-09,weight,submissions,6386
2012-10,weight,submissions,6149
2012-11,weight,submissions,5640
2012-12,weight,submissions,5969
2013-01,weight,submissions,7548
2013-02,weight,submissions,7184
2013-03,weight,submissions,7784
2013-04,weight,submissions,8408
2013-05,weight,submissions,9034
2013-06,weight,submissions,8650
2013-07,weight,submissions,9745
2013-08,weight,submissions,8786
2013-09,weight,submissions,7746
2013-10,weight,submissions,8926
2013-11,weight,submissions,8125
2013-12,weight,submissions,8679
2014-01,weight,submissions,10345
2014-02,weight,submissions,9977
2014-03,weight,submissions,11466
2014-04,weight,submissions,11401
2014-05,weight,submissions,11889
2014-06,weight,submissions,11854
2014-07,weight,submissions,12908
2014-08,weight,submissions,12763
2014-09,weight,submissions,11103
2014-10,weight,submissions,11694
2014-11,weight,submissions,10782
2014-12,weight,submissions,12029
2015-01,weight,submissions,14233
2015-02,weight,submissions,12769
2015-03,weight,submissions,15623
2015-04,weight,submissions,15221
2015-05,weight,submissions,16372
2015-06,weight,submissions,16973
2015-07,weight,submissions,16825
2015-08,weight,submissions,15292
2015-09,weight,submissions,10734
2015-10,weight,submissions,11484
2015-11,weight,submissions,11181
2015-12,weight,submissions,11431
2016-01,weight,submissions,13948
2016-02,weight,submissions,12469
2016-03,weight,submissions,11878
2016-04,weight,submissions,12943
2016-05,weight,submissions,13924
2016-06,weight,submissions,13429
2016-07,weight,submissions,14181
2016-08,weight,submissions,15265
2016-09,weight,submissions,14037
2016-10,weight,submissions,14177
2016-11,weight,submissions,12981
2016-12,weight,submissions,14051
2017-01,weight,submissions,15859
2017-02,weight,submissions,14773
2017-03,weight,submissions,16424
2017-04,weight,submissions,16348
2017-05,weight,submissions,17289
2017-06,weight,submissions,16933
2017-07,weight,submissions,18431
2017-08,weight,submissions,18984
2017-09,weight,submissions,17313
2017-10,weight,submissions,18200
2017-11,weight,submissions,18017
2017-12,weight,submissions,18010
2018-01,weight,submissions,20187
2018-02,weight,submissions,19297
2018-03,weight,submissions,22691
2018-04,weight,submissions,20868
2018-05,weight,submissions,23527
2018-06,weight,submissions,22261
2018-07,weight,submissions,25058
2018-08,weight,submissions,25491
2018-09,weight,submissions,23942
2018-10,weight,submissions,25465
2018-11,weight,submissions,24170
2018-12,weight,submissions,27274
2019-01,weight,submissions,31516
2019-02,weight,submissions,30596
2019-03,weight,submissions,33709
2019-04,weight,submissions,33762
2019-05,weight,submissions,36835
2019-06,weight,submissions,35693
2019-07,weight,submissions,41413
2019-08,weight,submissions,43625
2019-09,weight,submissions,34354
2019-10,weight,submissions,38632
2019-11,weight,submissions,34929
2019-12,weight,submissions,37931
2020-01,weight,submissions,38535
2020-02,weight,submissions,40754
2020-03,weight,submissions,42589
2020-04,weight,submissions,49789
2020-05,weight,submissions,43349
2020-06,weight,submissions,41256
2020-07,weight,submissions,45948
2020-08,weight,submissions,48967
2020-09,weight,submissions,46036
2020-10,weight,submissions,42479
2020-11,weight,submissions,48614
2020-12,weight,submissions,53095
2021-01,weight,submissions,66347
2021-02,weight,submissions,59540
2021-03,weight,submissions,66236
2021-04,weight,submissions,68122
2021-05,weight,submissions,76747
2021-06,weight,submissions,73501
2021-07,weight,submissions,53127
2021-08,weight,submissions,51910
2021-09,weight,submissions,42632
2021-10,weight,submissions,41985
2021-11,weight,submissions,46811
2021-12,weight,submissions,52414
2022-01,weight,submissions,61922
2022-02,weight,submissions,56491
2022-03,weight,submissions,68083
2022-04,weight,submissions,70689
2022-05,weight,submissions,81353
2022-06,weight,submissions,78282
2022-07,weight,submissions,82160
2022-08,weight,submissions,85754
2022-09,weight,submissions,80054
2022-10,weight,submissions,80359
2022-11,weight,submissions,65697
2022-12,weight,submissions,73630
2023-01,weight,submissions,74814
2023-02,weight,submissions,67964
2023-03,weight,submissions,79939
2023-04,weight,submissions,130504
2023-05,weight,submissions,83990
2023-06,weight,submissions,116961
2023-07,weight,submissions,153043
2023-08,weight,submissions,150179
2023-09,weight,submissions,143230
2023-10,weight,submissions,145815
2023-11,weight,submissions,143447
2023-12,weight,submissions,149306
